"","p","n","optRho","variable","FPR","MCE","TPR","Estimated_E","method"
"1",20,100,0.1692,"V5",0.1,0.189473684210526,0.05,"E_3","loglikhood"
"2",20,100,0.1692,"V6",0.102272727272727,0.147368421052632,0.285714285714286,"E_3","loglikhood"
"3",20,100,0.1692,"V7",0.0578034682080925,0.110526315789474,0.352941176470588,"E_3","loglikhood"
"4",20,100,0.1692,"V8",0.0898203592814371,0.184210526315789,0.130434782608696,"E_3","loglikhood"
"5",20,100,0.1692,"V9",0.122093023255814,0.173684210526316,0.333333333333333,"E_3","loglikhood"
"6",20,100,0.1692,"V10",0.128491620111732,0.173684210526316,0.0909090909090909,"E_3","loglikhood"
"7",20,100,0.1692,"V11",0.124260355029586,0.2,0.19047619047619,"E_3","loglikhood"
"8",20,100,0.1692,"V12",0.0718562874251497,0.163157894736842,0.173913043478261,"E_3","loglikhood"
"9",20,100,0.1692,"V13",0.0581395348837209,0.115789473684211,0.333333333333333,"E_3","loglikhood"
"10",20,100,0.1692,"V14",0.119047619047619,0.215789473684211,0.0454545454545455,"E_3","loglikhood"
"11",20,100,0.1692,"V15",0.0755813953488372,0.142105263157895,0.222222222222222,"E_3","loglikhood"
"12",20,100,0.1692,"V16",0.0697674418604651,0.136842105263158,0.222222222222222,"E_3","loglikhood"
"13",20,100,0.1692,"V17",0.0958083832335329,0.173684210526316,0.260869565217391,"E_3","loglikhood"
"14",20,100,0.1692,"V18",0.0778443113772455,0.163157894736842,0.217391304347826,"E_3","loglikhood"
"15",20,100,0.1692,"V19",0.118343195266272,0.168421052631579,0.428571428571429,"E_3","loglikhood"
"16",20,100,0.1692,"V20",0.0681818181818182,0.126315789473684,0.142857142857143,"E_3","loglikhood"
"17",20,100,0.1692,"V21",0.156976744186047,0.221052631578947,0.166666666666667,"E_3","loglikhood"
"18",20,100,0.1692,"V22",0.107142857142857,0.189473684210526,0.181818181818182,"E_3","loglikhood"
"19",20,100,0.1692,"V23",0.118343195266272,0.205263157894737,0.0952380952380952,"E_3","loglikhood"
"20",20,100,0.1692,"V24",0.0574712643678161,0.126315789473684,0.125,"E_3","loglikhood"
"21",20,100,0.1692,"V25",0.117647058823529,0.2,0.1,"E_3","loglikhood"
"22",20,100,0.1692,"V26",0.107784431137725,0.194736842105263,0.173913043478261,"E_3","loglikhood"
"23",20,100,0.1692,"V27",0.0697674418604651,0.142105263157895,0.166666666666667,"E_3","loglikhood"
"24",20,100,0.1692,"V28",0.0786516853932584,0.126315789473684,0.166666666666667,"E_3","loglikhood"
"25",20,100,0.1692,"V29",0.0751445086705202,0.136842105263158,0.235294117647059,"E_3","loglikhood"
"26",20,100,0.1692,"V30",0.114942528735632,0.163157894736842,0.3125,"E_3","loglikhood"
"27",20,100,0.1692,"V31",0.0742857142857143,0.126315789473684,0.266666666666667,"E_3","loglikhood"
"28",20,100,0.1692,"V32",0.135294117647059,0.205263157894737,0.2,"E_3","loglikhood"
"29",20,100,0.1692,"V33",0.102272727272727,0.152631578947368,0.214285714285714,"E_3","loglikhood"
"30",20,100,0.1692,"V34",0.0930232558139535,0.152631578947368,0.277777777777778,"E_3","loglikhood"
"31",20,100,0.1692,"V35",0.0994152046783626,0.168421052631579,0.210526315789474,"E_3","loglikhood"
"32",20,100,0.1692,"V36",0.0862068965517241,0.163157894736842,0,"E_3","loglikhood"
"33",20,100,0.1692,"V37",0.0705882352941176,0.157894736842105,0.1,"E_3","loglikhood"
"34",20,100,0.1692,"V38",0.0804597701149425,0.147368421052632,0.125,"E_3","loglikhood"
"35",20,100,0.1692,"V39",0.1,0.147368421052632,0.45,"E_3","loglikhood"
"36",20,100,0.1692,"V40",0.0760233918128655,0.152631578947368,0.157894736842105,"E_3","loglikhood"
"37",20,100,0.1692,"V41",0.096045197740113,0.131578947368421,0.384615384615385,"E_3","loglikhood"
"38",20,100,0.1692,"V42",0.0747126436781609,0.131578947368421,0.25,"E_3","loglikhood"
"39",20,100,0.1692,"V43",0.0882352941176471,0.163157894736842,0.2,"E_3","loglikhood"
"40",20,100,0.1692,"V44",0.109195402298851,0.173684210526316,0.125,"E_3","loglikhood"
"41",20,100,0.1692,"V45",0.11046511627907,0.163157894736842,0.333333333333333,"E_3","loglikhood"
"42",20,100,0.1692,"V46",0.0946745562130177,0.173684210526316,0.19047619047619,"E_3","loglikhood"
"43",20,100,0.1692,"V47",0.0965909090909091,0.152631578947368,0.142857142857143,"E_3","loglikhood"
"44",20,100,0.1692,"V48",0.0833333333333333,0.178947368421053,0.0909090909090909,"E_3","loglikhood"
"45",20,100,0.1692,"V49",0.0809248554913295,0.147368421052632,0.176470588235294,"E_3","loglikhood"
"46",20,100,0.1692,"V50",0.105882352941176,0.184210526315789,0.15,"E_3","loglikhood"
"47",20,100,0.1692,"V51",0.109195402298851,0.178947368421053,0.0625,"E_3","loglikhood"
"48",20,100,0.1692,"V52",0.0858895705521472,0.210526315789474,0.037037037037037,"E_3","loglikhood"
"49",20,100,0.1692,"V53",0.063953488372093,0.152631578947368,0,"E_3","loglikhood"
"50",20,100,0.1692,"V54",0.0787878787878788,0.173684210526316,0.2,"E_3","loglikhood"
"51",20,1000,0.0415,"V5",0.228571428571429,0.221052631578947,0.866666666666667,"E_3","loglikhood"
"52",20,1000,0.0415,"V6",0.205714285714286,0.2,0.866666666666667,"E_3","loglikhood"
"53",20,1000,0.0415,"V7",0.187134502923977,0.173684210526316,0.947368421052632,"E_3","loglikhood"
"54",20,1000,0.0415,"V8",0.227272727272727,0.215789473684211,0.928571428571429,"E_3","loglikhood"
"55",20,1000,0.0415,"V9",0.220858895705521,0.2,0.925925925925926,"E_3","loglikhood"
"56",20,1000,0.0415,"V10",0.196319018404908,0.184210526315789,0.888888888888889,"E_3","loglikhood"
"57",20,1000,0.0415,"V11",0.217647058823529,0.2,0.95,"E_3","loglikhood"
"58",20,1000,0.0415,"V12",0.201183431952663,0.2,0.80952380952381,"E_3","loglikhood"
"59",20,1000,0.0415,"V13",0.215568862275449,0.2,0.91304347826087,"E_3","loglikhood"
"60",20,1000,0.0415,"V14",0.1875,0.173684210526316,1,"E_3","loglikhood"
"61",20,1000,0.0415,"V15",0.221556886227545,0.205263157894737,0.91304347826087,"E_3","loglikhood"
"62",20,1000,0.0415,"V16",0.182857142857143,0.168421052631579,1,"E_3","loglikhood"
"63",20,1000,0.0415,"V17",0.183431952662722,0.173684210526316,0.904761904761905,"E_3","loglikhood"
"64",20,1000,0.0415,"V18",0.161849710982659,0.152631578947368,0.941176470588235,"E_3","loglikhood"
"65",20,1000,0.0415,"V19",0.171597633136095,0.152631578947368,1,"E_3","loglikhood"
"66",20,1000,0.0415,"V20",0.234285714285714,0.226315789473684,0.866666666666667,"E_3","loglikhood"
"67",20,1000,0.0415,"V21",0.14792899408284,0.142105263157895,0.904761904761905,"E_3","loglikhood"
"68",20,1000,0.0415,"V22",0.215116279069767,0.2,0.944444444444444,"E_3","loglikhood"
"69",20,1000,0.0415,"V23",0.161490683229814,0.147368421052632,0.931034482758621,"E_3","loglikhood"
"70",20,1000,0.0415,"V24",0.248484848484848,0.231578947368421,0.88,"E_3","loglikhood"
"71",20,1000,0.0415,"V25",0.211764705882353,0.205263157894737,0.85,"E_3","loglikhood"
"72",20,1000,0.0415,"V26",0.19047619047619,0.168421052631579,1,"E_3","loglikhood"
"73",20,1000,0.0415,"V27",0.190751445086705,0.194736842105263,0.764705882352941,"E_3","loglikhood"
"74",20,1000,0.0415,"V28",0.170731707317073,0.168421052631579,0.846153846153846,"E_3","loglikhood"
"75",20,1000,0.0415,"V29",0.218181818181818,0.189473684210526,1,"E_3","loglikhood"
"76",20,1000,0.0415,"V30",0.211111111111111,0.205263157894737,0.9,"E_3","loglikhood"
"77",20,1000,0.0415,"V31",0.228915662650602,0.2,1,"E_3","loglikhood"
"78",20,1000,0.0415,"V32",0.172413793103448,0.163157894736842,0.9375,"E_3","loglikhood"
"79",20,1000,0.0415,"V33",0.210526315789474,0.2,0.894736842105263,"E_3","loglikhood"
"80",20,1000,0.0415,"V34",0.203488372093023,0.194736842105263,0.888888888888889,"E_3","loglikhood"
"81",20,1000,0.0415,"V35",0.166666666666667,0.168421052631579,0.818181818181818,"E_3","loglikhood"
"82",20,1000,0.0415,"V36",0.138728323699422,0.136842105263158,0.882352941176471,"E_3","loglikhood"
"83",20,1000,0.0415,"V37",0.210843373493976,0.184210526315789,1,"E_3","loglikhood"
"84",20,1000,0.0415,"V38",0.251428571428571,0.242105263157895,0.866666666666667,"E_3","loglikhood"
"85",20,1000,0.0415,"V39",0.195266272189349,0.184210526315789,0.904761904761905,"E_3","loglikhood"
"86",20,1000,0.0415,"V40",0.21264367816092,0.194736842105263,1,"E_3","loglikhood"
"87",20,1000,0.0415,"V41",0.269461077844311,0.236842105263158,1,"E_3","loglikhood"
"88",20,1000,0.0415,"V42",0.206060606060606,0.184210526315789,0.96,"E_3","loglikhood"
"89",20,1000,0.0415,"V43",0.149425287356322,0.142105263157895,0.9375,"E_3","loglikhood"
"90",20,1000,0.0415,"V44",0.203389830508475,0.194736842105263,0.923076923076923,"E_3","loglikhood"
"91",20,1000,0.0415,"V45",0.153846153846154,0.147368421052632,0.904761904761905,"E_3","loglikhood"
"92",20,1000,0.0415,"V46",0.220238095238095,0.2,0.954545454545455,"E_3","loglikhood"
"93",20,1000,0.0415,"V47",0.201219512195122,0.184210526315789,0.923076923076923,"E_3","loglikhood"
"94",20,1000,0.0415,"V48",0.134146341463415,0.131578947368421,0.884615384615385,"E_3","loglikhood"
"95",20,1000,0.0415,"V49",0.184971098265896,0.173684210526316,0.941176470588235,"E_3","loglikhood"
"96",20,1000,0.0415,"V50",0.222222222222222,0.2,1,"E_3","loglikhood"
"97",20,1000,0.0415,"V51",0.177514792899408,0.157894736842105,1,"E_3","loglikhood"
"98",20,1000,0.0415,"V52",0.116279069767442,0.115789473684211,0.888888888888889,"E_3","loglikhood"
"99",20,1000,0.0415,"V53",0.191860465116279,0.178947368421053,0.944444444444444,"E_3","loglikhood"
"100",20,1000,0.0415,"V54",0.179190751445087,0.168421052631579,0.941176470588235,"E_3","loglikhood"
"101",20,10000,0.0115,"V5",0.236686390532544,0.210526315789474,1,"E_3","loglikhood"
"102",20,10000,0.0115,"V6",0.248520710059172,0.221052631578947,1,"E_3","loglikhood"
"103",20,10000,0.0115,"V7",0.248520710059172,0.221052631578947,1,"E_3","loglikhood"
"104",20,10000,0.0115,"V8",0.277456647398844,0.252631578947368,1,"E_3","loglikhood"
"105",20,10000,0.0115,"V9",0.284883720930233,0.257894736842105,1,"E_3","loglikhood"
"106",20,10000,0.0115,"V10",0.23121387283237,0.210526315789474,1,"E_3","loglikhood"
"107",20,10000,0.0115,"V11",0.264367816091954,0.242105263157895,1,"E_3","loglikhood"
"108",20,10000,0.0115,"V12",0.25,0.226315789473684,1,"E_3","loglikhood"
"109",20,10000,0.0115,"V13",0.280701754385965,0.252631578947368,1,"E_3","loglikhood"
"110",20,10000,0.0115,"V14",0.311764705882353,0.278947368421053,1,"E_3","loglikhood"
"111",20,10000,0.0115,"V15",0.265895953757225,0.242105263157895,1,"E_3","loglikhood"
"112",20,10000,0.0115,"V16",0.210526315789474,0.189473684210526,1,"E_3","loglikhood"
"113",20,10000,0.0115,"V17",0.272151898734177,0.226315789473684,1,"E_3","loglikhood"
"114",20,10000,0.0115,"V18",0.216867469879518,0.189473684210526,1,"E_3","loglikhood"
"115",20,10000,0.0115,"V19",0.305882352941176,0.273684210526316,1,"E_3","loglikhood"
"116",20,10000,0.0115,"V20",0.293413173652695,0.257894736842105,1,"E_3","loglikhood"
"117",20,10000,0.0115,"V21",0.224137931034483,0.205263157894737,1,"E_3","loglikhood"
"118",20,10000,0.0115,"V22",0.298850574712644,0.273684210526316,1,"E_3","loglikhood"
"119",20,10000,0.0115,"V23",0.254237288135593,0.236842105263158,1,"E_3","loglikhood"
"120",20,10000,0.0115,"V24",0.282208588957055,0.242105263157895,1,"E_3","loglikhood"
"121",20,10000,0.0115,"V25",0.293413173652695,0.257894736842105,1,"E_3","loglikhood"
"122",20,10000,0.0115,"V26",0.235955056179775,0.221052631578947,1,"E_3","loglikhood"
"123",20,10000,0.0115,"V27",0.223529411764706,0.2,1,"E_3","loglikhood"
"124",20,10000,0.0115,"V28",0.201149425287356,0.184210526315789,1,"E_3","loglikhood"
"125",20,10000,0.0115,"V29",0.233532934131737,0.205263157894737,1,"E_3","loglikhood"
"126",20,10000,0.0115,"V30",0.235632183908046,0.215789473684211,1,"E_3","loglikhood"
"127",20,10000,0.0115,"V31",0.238095238095238,0.210526315789474,1,"E_3","loglikhood"
"128",20,10000,0.0115,"V32",0.205714285714286,0.189473684210526,1,"E_3","loglikhood"
"129",20,10000,0.0115,"V33",0.293785310734463,0.273684210526316,1,"E_3","loglikhood"
"130",20,10000,0.0115,"V34",0.238095238095238,0.210526315789474,1,"E_3","loglikhood"
"131",20,10000,0.0115,"V35",0.308571428571429,0.284210526315789,1,"E_3","loglikhood"
"132",20,10000,0.0115,"V36",0.31547619047619,0.278947368421053,1,"E_3","loglikhood"
"133",20,10000,0.0115,"V37",0.294117647058824,0.263157894736842,1,"E_3","loglikhood"
"134",20,10000,0.0115,"V38",0.25,0.221052631578947,1,"E_3","loglikhood"
"135",20,10000,0.0115,"V39",0.352201257861635,0.294736842105263,1,"E_3","loglikhood"
"136",20,10000,0.0115,"V40",0.215116279069767,0.194736842105263,1,"E_3","loglikhood"
"137",20,10000,0.0115,"V41",0.312138728323699,0.284210526315789,1,"E_3","loglikhood"
"138",20,10000,0.0115,"V42",0.255813953488372,0.231578947368421,1,"E_3","loglikhood"
"139",20,10000,0.0115,"V43",0.245714285714286,0.226315789473684,1,"E_3","loglikhood"
"140",20,10000,0.0115,"V44",0.18452380952381,0.163157894736842,1,"E_3","loglikhood"
"141",20,10000,0.0115,"V45",0.279761904761905,0.247368421052632,1,"E_3","loglikhood"
"142",20,10000,0.0115,"V46",0.37125748502994,0.326315789473684,1,"E_3","loglikhood"
"143",20,10000,0.0115,"V47",0.227544910179641,0.2,1,"E_3","loglikhood"
"144",20,10000,0.0115,"V48",0.293413173652695,0.257894736842105,1,"E_3","loglikhood"
"145",20,10000,0.0115,"V49",0.284883720930233,0.257894736842105,1,"E_3","loglikhood"
"146",20,10000,0.0115,"V50",0.241176470588235,0.215789473684211,1,"E_3","loglikhood"
"147",20,10000,0.0115,"V51",0.222857142857143,0.205263157894737,1,"E_3","loglikhood"
"148",20,10000,0.0115,"V52",0.313609467455621,0.278947368421053,1,"E_3","loglikhood"
"149",20,10000,0.0115,"V53",0.239766081871345,0.215789473684211,1,"E_3","loglikhood"
"150",20,10000,0.0115,"V54",0.25,0.231578947368421,1,"E_3","loglikhood"
"151",50,100,0.2054,"V5",0.0513976555455365,0.125714285714286,0.163793103448276,"E_3","loglikhood"
"152",50,100,0.2054,"V6",0.0490018148820327,0.128163265306122,0.16260162601626,"E_3","loglikhood"
"153",50,100,0.2054,"V7",0.0534420289855072,0.136326530612245,0.107438016528926,"E_3","loglikhood"
"154",50,100,0.2054,"V8",0.0573012939001848,0.153469387755102,0.118881118881119,"E_3","loglikhood"
"155",50,100,0.2054,"V9",0.0404411764705882,0.136326530612245,0.102189781021898,"E_3","loglikhood"
"156",50,100,0.2054,"V10",0.0434782608695652,0.124897959183673,0.132231404958678,"E_3","loglikhood"
"157",50,100,0.2054,"V11",0.0505050505050505,0.144489795918367,0.102941176470588,"E_3","loglikhood"
"158",50,100,0.2054,"V12",0.045863309352518,0.115102040816327,0.20353982300885,"E_3","loglikhood"
"159",50,100,0.2054,"V13",0.0546448087431694,0.143673469387755,0.0866141732283465,"E_3","loglikhood"
"160",50,100,0.2054,"V14",0.0306859205776173,0.111020408163265,0.128205128205128,"E_3","loglikhood"
"161",50,100,0.2054,"V15",0.0413602941176471,0.133061224489796,0.138686131386861,"E_3","loglikhood"
"162",50,100,0.2054,"V16",0.0587155963302752,0.151836734693878,0.0962962962962963,"E_3","loglikhood"
"163",50,100,0.2054,"V17",0.0278035217794254,0.128979591836735,0.123287671232877,"E_3","loglikhood"
"164",50,100,0.2054,"V18",0.0643382352941176,0.156734693877551,0.109489051094891,"E_3","loglikhood"
"165",50,100,0.2054,"V19",0.0570135746606335,0.131428571428571,0.183333333333333,"E_3","loglikhood"
"166",50,100,0.2054,"V20",0.0470162748643761,0.124897959183673,0.151260504201681,"E_3","loglikhood"
"167",50,100,0.2054,"V21",0.0463215258855586,0.12734693877551,0.153225806451613,"E_3","loglikhood"
"168",50,100,0.2054,"V22",0.0508166969147005,0.133877551020408,0.121951219512195,"E_3","loglikhood"
"169",50,100,0.2054,"V23",0.0547945205479452,0.144489795918367,0.1,"E_3","loglikhood"
"170",50,100,0.2054,"V24",0.0522522522522523,0.131428571428571,0.104347826086957,"E_3","loglikhood"
"171",50,100,0.2054,"V25",0.0459136822773186,0.13469387755102,0.154411764705882,"E_3","loglikhood"
"172",50,100,0.2054,"V26",0.0533453887884268,0.128163265306122,0.176470588235294,"E_3","loglikhood"
"173",50,100,0.2054,"V27",0.040256175663312,0.124897959183673,0.174242424242424,"E_3","loglikhood"
"174",50,100,0.2054,"V28",0.0535390199637024,0.132244897959184,0.16260162601626,"E_3","loglikhood"
"175",50,100,0.2054,"V29",0.0450856627592426,0.122448979591837,0.137931034482759,"E_3","loglikhood"
"176",50,100,0.2054,"V30",0.0421903052064632,0.118367346938776,0.117117117117117,"E_3","loglikhood"
"177",50,100,0.2054,"V31",0.0355515041020966,0.125714285714286,0.1015625,"E_3","loglikhood"
"178",50,100,0.2054,"V32",0.0479204339963834,0.133061224489796,0.0756302521008403,"E_3","loglikhood"
"179",50,100,0.2054,"V33",0.0462534690101758,0.143673469387755,0.125,"E_3","loglikhood"
"180",50,100,0.2054,"V34",0.040650406504065,0.12,0.135593220338983,"E_3","loglikhood"
"181",50,100,0.2054,"V35",0.0490909090909091,0.133877551020408,0.12,"E_3","loglikhood"
"182",50,100,0.2054,"V36",0.0533088235294118,0.144489795918367,0.131386861313869,"E_3","loglikhood"
"183",50,100,0.2054,"V37",0.0419325432999088,0.125714285714286,0.15625,"E_3","loglikhood"
"184",50,100,0.2054,"V38",0.0402864816472695,0.116734693877551,0.0925925925925926,"E_3","loglikhood"
"185",50,100,0.2054,"V39",0.059245960502693,0.130612244897959,0.153153153153153,"E_3","loglikhood"
"186",50,100,0.2054,"V40",0.041329739442947,0.121632653061224,0.0803571428571429,"E_3","loglikhood"
"187",50,100,0.2054,"V41",0.055045871559633,0.14530612244898,0.125925925925926,"E_3","loglikhood"
"188",50,100,0.2054,"V42",0.0530164533820841,0.136326530612245,0.16793893129771,"E_3","loglikhood"
"189",50,100,0.2054,"V43",0.036068530207394,0.116734693877551,0.112068965517241,"E_3","loglikhood"
"190",50,100,0.2054,"V44",0.0315031503150315,0.111020408163265,0.114035087719298,"E_3","loglikhood"
"191",50,100,0.2054,"V45",0.0553539019963702,0.137142857142857,0.130081300813008,"E_3","loglikhood"
"192",50,100,0.2054,"V46",0.037567084078712,0.111836734693878,0.11214953271028,"E_3","loglikhood"
"193",50,100,0.2054,"V47",0.0370705244122966,0.118367346938776,0.126050420168067,"E_3","loglikhood"
"194",50,100,0.2054,"V48",0.060414788097385,0.137959183673469,0.120689655172414,"E_3","loglikhood"
"195",50,100,0.2054,"V49",0.0611872146118721,0.14530612244898,0.146153846153846,"E_3","loglikhood"
"196",50,100,0.2054,"V50",0.0463636363636364,0.12734693877551,0.16,"E_3","loglikhood"
"197",50,100,0.2054,"V51",0.0427272727272727,0.128979591836735,0.112,"E_3","loglikhood"
"198",50,100,0.2054,"V52",0.0751131221719457,0.146938775510204,0.191666666666667,"E_3","loglikhood"
"199",50,100,0.2054,"V53",0.0646630236794171,0.14530612244898,0.15748031496063,"E_3","loglikhood"
"200",50,100,0.2054,"V54",0.0363967242948135,0.122448979591837,0.126984126984127,"E_3","loglikhood"
"201",50,1000,0.0465,"V5",0.153297682709447,0.15265306122449,0.854368932038835,"E_3","loglikhood"
"202",50,1000,0.0465,"V6",0.156363636363636,0.148571428571429,0.92,"E_3","loglikhood"
"203",50,1000,0.0465,"V7",0.156615661566157,0.149387755102041,0.921052631578947,"E_3","loglikhood"
"204",50,1000,0.0465,"V8",0.137111517367459,0.138775510204082,0.847328244274809,"E_3","loglikhood"
"205",50,1000,0.0465,"V9",0.174932371505861,0.170612244897959,0.870689655172414,"E_3","loglikhood"
"206",50,1000,0.0465,"V10",0.16289592760181,0.155918367346939,0.908333333333333,"E_3","loglikhood"
"207",50,1000,0.0465,"V11",0.170556552962298,0.163265306122449,0.90990990990991,"E_3","loglikhood"
"208",50,1000,0.0465,"V12",0.160471441523119,0.154285714285714,0.901639344262295,"E_3","loglikhood"
"209",50,1000,0.0465,"V13",0.154891304347826,0.146938775510204,0.925619834710744,"E_3","loglikhood"
"210",50,1000,0.0465,"V14",0.151079136690647,0.147755102040816,0.884955752212389,"E_3","loglikhood"
"211",50,1000,0.0465,"V15",0.144128113879004,0.138775510204082,0.920792079207921,"E_3","loglikhood"
"212",50,1000,0.0465,"V16",0.142345568487019,0.138775510204082,0.898148148148148,"E_3","loglikhood"
"213",50,1000,0.0465,"V17",0.166202414113278,0.158367346938776,0.898648648648649,"E_3","loglikhood"
"214",50,1000,0.0465,"V18",0.161172161172161,0.159183673469388,0.857142857142857,"E_3","loglikhood"
"215",50,1000,0.0465,"V19",0.147737765466297,0.142040816326531,0.901408450704225,"E_3","loglikhood"
"216",50,1000,0.0465,"V20",0.157990867579909,0.15265306122449,0.892307692307692,"E_3","loglikhood"
"217",50,1000,0.0465,"V21",0.162087912087912,0.151020408163265,0.93984962406015,"E_3","loglikhood"
"218",50,1000,0.0465,"V22",0.142091152815013,0.133877551020408,0.952830188679245,"E_3","loglikhood"
"219",50,1000,0.0465,"V23",0.14426523297491,0.140408163265306,0.899082568807339,"E_3","loglikhood"
"220",50,1000,0.0465,"V24",0.150410209662717,0.149387755102041,0.859375,"E_3","loglikhood"
"221",50,1000,0.0465,"V25",0.151351351351351,0.148571428571429,0.878260869565217,"E_3","loglikhood"
"222",50,1000,0.0465,"V26",0.155595996360328,0.151020408163265,0.888888888888889,"E_3","loglikhood"
"223",50,1000,0.0465,"V27",0.133815551537071,0.133061224489796,0.873949579831933,"E_3","loglikhood"
"224",50,1000,0.0465,"V28",0.164684354986276,0.16,0.878787878787879,"E_3","loglikhood"
"225",50,1000,0.0465,"V29",0.162705667276051,0.157551020408163,0.885496183206107,"E_3","loglikhood"
"226",50,1000,0.0465,"V30",0.153351698806244,0.146938775510204,0.904411764705882,"E_3","loglikhood"
"227",50,1000,0.0465,"V31",0.140495867768595,0.142857142857143,0.838235294117647,"E_3","loglikhood"
"228",50,1000,0.0465,"V32",0.155963302752294,0.151020408163265,0.888888888888889,"E_3","loglikhood"
"229",50,1000,0.0465,"V33",0.162385321100917,0.155102040816327,0.903703703703704,"E_3","loglikhood"
"230",50,1000,0.0465,"V34",0.161116111611161,0.159183673469388,0.859649122807018,"E_3","loglikhood"
"231",50,1000,0.0465,"V35",0.151205936920223,0.150204081632653,0.857142857142857,"E_3","loglikhood"
"232",50,1000,0.0465,"V36",0.146714671467147,0.144489795918367,0.87719298245614,"E_3","loglikhood"
"233",50,1000,0.0465,"V37",0.157559198542805,0.151836734693878,0.897637795275591,"E_3","loglikhood"
"234",50,1000,0.0465,"V38",0.163949275362319,0.160816326530612,0.867768595041322,"E_3","loglikhood"
"235",50,1000,0.0465,"V39",0.13963963963964,0.135510204081633,0.904347826086957,"E_3","loglikhood"
"236",50,1000,0.0465,"V40",0.181081081081081,0.177959183673469,0.852173913043478,"E_3","loglikhood"
"237",50,1000,0.0465,"V41",0.137837837837838,0.13469387755102,0.895652173913044,"E_3","loglikhood"
"238",50,1000,0.0465,"V42",0.168488160291439,0.160816326530612,0.905511811023622,"E_3","loglikhood"
"239",50,1000,0.0465,"V43",0.147138964577657,0.146938775510204,0.854838709677419,"E_3","loglikhood"
"240",50,1000,0.0465,"V44",0.171888988361683,0.168163265306122,0.87037037037037,"E_3","loglikhood"
"241",50,1000,0.0465,"V45",0.163753449862006,0.16,0.869565217391304,"E_3","loglikhood"
"242",50,1000,0.0465,"V46",0.164055299539171,0.156734693877551,0.9,"E_3","loglikhood"
"243",50,1000,0.0465,"V47",0.152115211521152,0.147755102040816,0.894736842105263,"E_3","loglikhood"
"244",50,1000,0.0465,"V48",0.145648312611012,0.142857142857143,0.888888888888889,"E_3","loglikhood"
"245",50,1000,0.0465,"V49",0.150772025431426,0.148571428571429,0.870967741935484,"E_3","loglikhood"
"246",50,1000,0.0465,"V50",0.15067264573991,0.146938775510204,0.890909090909091,"E_3","loglikhood"
"247",50,1000,0.0465,"V51",0.155938349954669,0.15265306122449,0.877049180327869,"E_3","loglikhood"
"248",50,1000,0.0465,"V52",0.160109789569991,0.15265306122449,0.909090909090909,"E_3","loglikhood"
"249",50,1000,0.0465,"V53",0.153915391539154,0.150204081632653,0.885964912280702,"E_3","loglikhood"
"250",50,1000,0.0465,"V54",0.13871260199456,0.133061224489796,0.918032786885246,"E_3","loglikhood"
"251",50,10000,0.0121,"V5",0.230839416058394,0.206530612244898,1,"E_3","loglikhood"
"252",50,10000,0.0121,"V6",0.239962651727358,0.209795918367347,1,"E_3","loglikhood"
"253",50,10000,0.0121,"V7",0.240072202166065,0.217142857142857,1,"E_3","loglikhood"
"254",50,10000,0.0121,"V8",0.243144424131627,0.217142857142857,1,"E_3","loglikhood"
"255",50,10000,0.0121,"V9",0.241727941176471,0.21469387755102,1,"E_3","loglikhood"
"256",50,10000,0.0121,"V10",0.254083484573503,0.228571428571429,1,"E_3","loglikhood"
"257",50,10000,0.0121,"V11",0.239782016348774,0.215510204081633,1,"E_3","loglikhood"
"258",50,10000,0.0121,"V12",0.263396911898274,0.236734693877551,1,"E_3","loglikhood"
"259",50,10000,0.0121,"V13",0.244805781391147,0.221224489795918,1,"E_3","loglikhood"
"260",50,10000,0.0121,"V14",0.235720761559384,0.212244897959184,1,"E_3","loglikhood"
"261",50,10000,0.0121,"V15",0.257826887661142,0.228571428571429,1,"E_3","loglikhood"
"262",50,10000,0.0121,"V16",0.25456204379562,0.227755102040816,1,"E_3","loglikhood"
"263",50,10000,0.0121,"V17",0.231818181818182,0.208163265306122,1,"E_3","loglikhood"
"264",50,10000,0.0121,"V18",0.239269406392694,0.213877551020408,1,"E_3","loglikhood"
"265",50,10000,0.0121,"V19",0.256340579710145,0.231020408163265,1,"E_3","loglikhood"
"266",50,10000,0.0121,"V20",0.248194945848375,0.224489795918367,1,"E_3","loglikhood"
"267",50,10000,0.0121,"V21",0.240072202166065,0.217142857142857,1,"E_3","loglikhood"
"268",50,10000,0.0121,"V22",0.227927927927928,0.206530612244898,1,"E_3","loglikhood"
"269",50,10000,0.0121,"V23",0.241598546775658,0.217142857142857,1,"E_3","loglikhood"
"270",50,10000,0.0121,"V24",0.263254113345521,0.235102040816327,1,"E_3","loglikhood"
"271",50,10000,0.0121,"V25",0.242479489516864,0.217142857142857,1,"E_3","loglikhood"
"272",50,10000,0.0121,"V26",0.239410681399632,0.212244897959184,1,"E_3","loglikhood"
"273",50,10000,0.0121,"V27",0.245960502692998,0.223673469387755,1,"E_3","loglikhood"
"274",50,10000,0.0121,"V28",0.226702508960573,0.206530612244898,1,"E_3","loglikhood"
"275",50,10000,0.0121,"V29",0.233885819521179,0.20734693877551,1,"E_3","loglikhood"
"276",50,10000,0.0121,"V30",0.22151321786691,0.198367346938776,1,"E_3","loglikhood"
"277",50,10000,0.0121,"V31",0.235401459854015,0.210612244897959,1,"E_3","loglikhood"
"278",50,10000,0.0121,"V32",0.225626740947075,0.198367346938776,1,"E_3","loglikhood"
"279",50,10000,0.0121,"V33",0.252957233848954,0.226938775510204,1,"E_3","loglikhood"
"280",50,10000,0.0121,"V34",0.245677888989991,0.220408163265306,1,"E_3","loglikhood"
"281",50,10000,0.0121,"V35",0.257272727272727,0.231020408163265,1,"E_3","loglikhood"
"282",50,10000,0.0121,"V36",0.250445632798574,0.229387755102041,1,"E_3","loglikhood"
"283",50,10000,0.0121,"V37",0.240218380345769,0.215510204081633,1,"E_3","loglikhood"
"284",50,10000,0.0121,"V38",0.232,0.213061224489796,1,"E_3","loglikhood"
"285",50,10000,0.0121,"V39",0.230352303523035,0.208163265306122,1,"E_3","loglikhood"
"286",50,10000,0.0121,"V40",0.255415162454874,0.231020408163265,1,"E_3","loglikhood"
"287",50,10000,0.0121,"V41",0.255434782608696,0.230204081632653,1,"E_3","loglikhood"
"288",50,10000,0.0121,"V42",0.251595259799453,0.22530612244898,1,"E_3","loglikhood"
"289",50,10000,0.0121,"V43",0.254361799816345,0.226122448979592,1,"E_3","loglikhood"
"290",50,10000,0.0121,"V44",0.226785714285714,0.20734693877551,1,"E_3","loglikhood"
"291",50,10000,0.0121,"V45",0.268953068592058,0.243265306122449,1,"E_3","loglikhood"
"292",50,10000,0.0121,"V46",0.237659963436929,0.212244897959184,1,"E_3","loglikhood"
"293",50,10000,0.0121,"V47",0.240888888888889,0.221224489795918,1,"E_3","loglikhood"
"294",50,10000,0.0121,"V48",0.243989314336598,0.223673469387755,1,"E_3","loglikhood"
"295",50,10000,0.0121,"V49",0.232472324723247,0.205714285714286,1,"E_3","loglikhood"
"296",50,10000,0.0121,"V50",0.247956403269755,0.222857142857143,1,"E_3","loglikhood"
"297",50,10000,0.0121,"V51",0.222118959107807,0.195102040816327,1,"E_3","loglikhood"
"298",50,10000,0.0121,"V52",0.254237288135593,0.23265306122449,1,"E_3","loglikhood"
"299",50,10000,0.0121,"V53",0.242095754290876,0.218775510204082,1,"E_3","loglikhood"
"300",50,10000,0.0121,"V54",0.241252302025783,0.213877551020408,1,"E_3","loglikhood"
"301",100,1000,0.048,"V5",0.158484644698498,0.151717171717172,0.910020449897751,"E_3","loglikhood"
"302",100,1000,0.048,"V6",0.163385381307988,0.157777777777778,0.888888888888889,"E_3","loglikhood"
"303",100,1000,0.048,"V7",0.16250281341436,0.156363636363636,0.897435897435897,"E_3","loglikhood"
"304",100,1000,0.048,"V8",0.163841807909605,0.16,0.872380952380952,"E_3","loglikhood"
"305",100,1000,0.048,"V9",0.153448663221748,0.148484848484848,0.895791583166333,"E_3","loglikhood"
"306",100,1000,0.048,"V10",0.154904171364149,0.14989898989899,0.893203883495146,"E_3","loglikhood"
"307",100,1000,0.048,"V11",0.167039355992844,0.16040404040404,0.901673640167364,"E_3","loglikhood"
"308",100,1000,0.048,"V12",0.161954308979869,0.156565656565657,0.888468809073724,"E_3","loglikhood"
"309",100,1000,0.048,"V13",0.160485502360081,0.151919191919192,0.924151696606786,"E_3","loglikhood"
"310",100,1000,0.048,"V14",0.152975786377008,0.147676767676768,0.896421845574388,"E_3","loglikhood"
"311",100,1000,0.048,"V15",0.164279319606088,0.15979797979798,0.881742738589212,"E_3","loglikhood"
"312",100,1000,0.048,"V16",0.156788190561396,0.153535353535354,0.876826722338205,"E_3","loglikhood"
"313",100,1000,0.048,"V17",0.167224080267559,0.15979797979798,0.911827956989247,"E_3","loglikhood"
"314",100,1000,0.048,"V18",0.155253178674994,0.153939393939394,0.858672376873662,"E_3","loglikhood"
"315",100,1000,0.048,"V19",0.158084101641556,0.14989898989899,0.922465208747515,"E_3","loglikhood"
"316",100,1000,0.048,"V20",0.148040313549832,0.143232323232323,0.901030927835052,"E_3","loglikhood"
"317",100,1000,0.048,"V21",0.156770130454341,0.14989898989899,0.910714285714286,"E_3","loglikhood"
"318",100,1000,0.048,"V22",0.162460567823344,0.157777777777778,0.8828125,"E_3","loglikhood"
"319",100,1000,0.048,"V23",0.160125588697017,0.156161616161616,0.879837067209776,"E_3","loglikhood"
"320",100,1000,0.048,"V24",0.155296229802513,0.150505050505051,0.892712550607287,"E_3","loglikhood"
"321",100,1000,0.048,"V25",0.152285395763657,0.147474747474747,0.898924731182796,"E_3","loglikhood"
"322",100,1000,0.048,"V26",0.162320143884892,0.157373737373737,0.886454183266932,"E_3","loglikhood"
"323",100,1000,0.048,"V27",0.159731543624161,0.152323232323232,0.916666666666667,"E_3","loglikhood"
"324",100,1000,0.048,"V28",0.176109215017065,0.16989898989899,0.879279279279279,"E_3","loglikhood"
"325",100,1000,0.048,"V29",0.157290729072907,0.153535353535354,0.879446640316206,"E_3","loglikhood"
"326",100,1000,0.048,"V30",0.160922112802149,0.154545454545455,0.904564315352697,"E_3","loglikhood"
"327",100,1000,0.048,"V31",0.159811193526635,0.153535353535354,0.902195608782435,"E_3","loglikhood"
"328",100,1000,0.048,"V32",0.159351789331533,0.152323232323232,0.909270216962525,"E_3","loglikhood"
"329",100,1000,0.048,"V33",0.146801346801347,0.142424242424242,0.896969696969697,"E_3","loglikhood"
"330",100,1000,0.048,"V34",0.161137440758294,0.154545454545455,0.901734104046243,"E_3","loglikhood"
"331",100,1000,0.048,"V35",0.159420289855072,0.154545454545455,0.89247311827957,"E_3","loglikhood"
"332",100,1000,0.048,"V36",0.159192825112108,0.152323232323232,0.910204081632653,"E_3","loglikhood"
"333",100,1000,0.048,"V37",0.151508379888268,0.145656565656566,0.909473684210526,"E_3","loglikhood"
"334",100,1000,0.048,"V38",0.15765966949531,0.152525252525253,0.896186440677966,"E_3","loglikhood"
"335",100,1000,0.048,"V39",0.160315670800451,0.155151515151515,0.889320388349515,"E_3","loglikhood"
"336",100,1000,0.048,"V40",0.166060881417537,0.160808080808081,0.881386861313869,"E_3","loglikhood"
"337",100,1000,0.048,"V41",0.162816775061673,0.158989898989899,0.875763747454175,"E_3","loglikhood"
"338",100,1000,0.048,"V42",0.164902004956071,0.161010101010101,0.87279843444227,"E_3","loglikhood"
"339",100,1000,0.048,"V43",0.163673102828918,0.155959595959596,0.913306451612903,"E_3","loglikhood"
"340",100,1000,0.048,"V44",0.159270105879703,0.152727272727273,0.904109589041096,"E_3","loglikhood"
"341",100,1000,0.048,"V45",0.15264449899576,0.147474747474747,0.901918976545842,"E_3","loglikhood"
"342",100,1000,0.048,"V46",0.170074140642552,0.162828282828283,0.901803607214429,"E_3","loglikhood"
"343",100,1000,0.048,"V47",0.163096831771531,0.15959595959596,0.873931623931624,"E_3","loglikhood"
"344",100,1000,0.048,"V48",0.145613641462867,0.142020202020202,0.890466531440162,"E_3","loglikhood"
"345",100,1000,0.048,"V49",0.16092981671882,0.152727272727273,0.92436974789916,"E_3","loglikhood"
"346",100,1000,0.048,"V50",0.158509205208801,0.151919191919192,0.907258064516129,"E_3","loglikhood"
"347",100,1000,0.048,"V51",0.167374301675978,0.161010101010101,0.898947368421053,"E_3","loglikhood"
"348",100,1000,0.048,"V52",0.162143978470509,0.156767676767677,0.892057026476578,"E_3","loglikhood"
"349",100,1000,0.048,"V53",0.152212784979884,0.146464646464646,0.907563025210084,"E_3","loglikhood"
"350",100,1000,0.048,"V54",0.145348837209302,0.142828282828283,0.880753138075314,"E_3","loglikhood"
"351",100,10000,0.0129,"V5",0.228026905829596,0.205454545454545,1,"E_3","loglikhood"
"352",100,10000,0.0129,"V6",0.219073324336482,0.196767676767677,1,"E_3","loglikhood"
"353",100,10000,0.0129,"V7",0.223262032085562,0.202424242424242,1,"E_3","loglikhood"
"354",100,10000,0.0129,"V8",0.233615693267945,0.211717171717172,1,"E_3","loglikhood"
"355",100,10000,0.0129,"V9",0.222222222222222,0.19959595959596,1,"E_3","loglikhood"
"356",100,10000,0.0129,"V10",0.225784753363229,0.203434343434343,1,"E_3","loglikhood"
"357",100,10000,0.0129,"V11",0.23431151241535,0.20969696969697,1,"E_3","loglikhood"
"358",100,10000,0.0129,"V12",0.230786516853933,0.207474747474747,1,"E_3","loglikhood"
"359",100,10000,0.0129,"V13",0.233956316145012,0.20989898989899,1,"E_3","loglikhood"
"360",100,10000,0.0129,"V14",0.231529306085785,0.208282828282828,1,"E_3","loglikhood"
"361",100,10000,0.0129,"V15",0.236561578589249,0.210707070707071,1,"E_3","loglikhood"
"362",100,10000,0.0129,"V16",0.223298783235692,0.20020202020202,1,"E_3","loglikhood"
"363",100,10000,0.0129,"V17",0.22993931220499,0.206666666666667,1,"E_3","loglikhood"
"364",100,10000,0.0129,"V18",0.228975106526127,0.206262626262626,1,"E_3","loglikhood"
"365",100,10000,0.0129,"V19",0.236547085201794,0.213131313131313,1,"E_3","loglikhood"
"366",100,10000,0.0129,"V20",0.229236624132527,0.206868686868687,1,"E_3","loglikhood"
"367",100,10000,0.0129,"V21",0.237002025658339,0.212727272727273,1,"E_3","loglikhood"
"368",100,10000,0.0129,"V22",0.223793490460157,0.201414141414141,1,"E_3","loglikhood"
"369",100,10000,0.0129,"V23",0.225078935498421,0.201616161616162,1,"E_3","loglikhood"
"370",100,10000,0.0129,"V24",0.228661275831087,0.205656565656566,1,"E_3","loglikhood"
"371",100,10000,0.0129,"V25",0.221521837010356,0.198787878787879,1,"E_3","loglikhood"
"372",100,10000,0.0129,"V26",0.237621523852589,0.212323232323232,1,"E_3","loglikhood"
"373",100,10000,0.0129,"V27",0.238073807380738,0.213737373737374,1,"E_3","loglikhood"
"374",100,10000,0.0129,"V28",0.222397121655048,0.19979797979798,1,"E_3","loglikhood"
"375",100,10000,0.0129,"V29",0.218169612888789,0.196969696969697,1,"E_3","loglikhood"
"376",100,10000,0.0129,"V30",0.232552904097253,0.208686868686869,1,"E_3","loglikhood"
"377",100,10000,0.0129,"V31",0.216763005780347,0.196969696969697,1,"E_3","loglikhood"
"378",100,10000,0.0129,"V32",0.225667722951562,0.201414141414141,1,"E_3","loglikhood"
"379",100,10000,0.0129,"V33",0.225050234427328,0.203636363636364,1,"E_3","loglikhood"
"380",100,10000,0.0129,"V34",0.220013401831584,0.198989898989899,1,"E_3","loglikhood"
"381",100,10000,0.0129,"V35",0.228145470973571,0.204040404040404,1,"E_3","loglikhood"
"382",100,10000,0.0129,"V36",0.239946079532689,0.215757575757576,1,"E_3","loglikhood"
"383",100,10000,0.0129,"V37",0.230042725432876,0.206666666666667,1,"E_3","loglikhood"
"384",100,10000,0.0129,"V38",0.238256549232159,0.213131313131313,1,"E_3","loglikhood"
"385",100,10000,0.0129,"V39",0.233757535164099,0.211515151515152,1,"E_3","loglikhood"
"386",100,10000,0.0129,"V40",0.225645672859085,0.201212121212121,1,"E_3","loglikhood"
"387",100,10000,0.0129,"V41",0.232271095152603,0.209090909090909,1,"E_3","loglikhood"
"388",100,10000,0.0129,"V42",0.220483005366726,0.199191919191919,1,"E_3","loglikhood"
"389",100,10000,0.0129,"V43",0.225496762670239,0.204040404040404,1,"E_3","loglikhood"
"390",100,10000,0.0129,"V44",0.230648064806481,0.207070707070707,1,"E_3","loglikhood"
"391",100,10000,0.0129,"V45",0.231406810035842,0.208686868686869,1,"E_3","loglikhood"
"392",100,10000,0.0129,"V46",0.214829749103943,0.193737373737374,1,"E_3","loglikhood"
"393",100,10000,0.0129,"V47",0.223000451875282,0.199393939393939,1,"E_3","loglikhood"
"394",100,10000,0.0129,"V48",0.22632639355272,0.204242424242424,1,"E_3","loglikhood"
"395",100,10000,0.0129,"V49",0.226067415730337,0.203232323232323,1,"E_3","loglikhood"
"396",100,10000,0.0129,"V50",0.231149012567325,0.208080808080808,1,"E_3","loglikhood"
"397",100,10000,0.0129,"V51",0.233739837398374,0.209090909090909,1,"E_3","loglikhood"
"398",100,10000,0.0129,"V52",0.218785025778973,0.197171717171717,1,"E_3","loglikhood"
"399",100,10000,0.0129,"V53",0.234831460674157,0.211111111111111,1,"E_3","loglikhood"
"400",100,10000,0.0129,"V54",0.23489932885906,0.212121212121212,1,"E_3","loglikhood"
